FIPS Code,Place,Population 2000,Population 2010,Population 2020,Pop. Rank '20,Pop. Change '00-'10,Pop. Change '10-'20,Per. Change '00-'10,Per. Change '10-'20
4700200,Adams,566.0,633.0,624,268,67.0,-9.0,0.1184,-0.0142
4700240,Adamsville,1983.0,2207.0,2265,159,224.0,58.0,0.113,0.0263
4700440,Alamo,2392.0,2461.0,2336,153,69.0,-125.0,0.0288,-0.0508
4700540,Alcoa,7734.0,8449.0,10978,56,715.0,2529.0,0.0924,0.2993
4700620,Alexandria,814.0,966.0,981,234,152.0,15.0,0.1867,0.0155
4700640,Algood,2942.0,3495.0,3963,118,553.0,468.0,0.188,0.1339
4700660,Allardt,642.0,634.0,555,273,-8.0,-79.0,-0.0125,-0.1246
4700940,Altamont,1136.0,1045.0,1117,226,-91.0,72.0,-0.0801,0.0689
4701640,Ardmore,1082.0,1213.0,1217,222,131.0,4.0,0.1211,0.0033
4701740,Arlington,2569.0,11517.0,14549,39,8948.0,3032.0,3.4831,0.2633
4702180,Ashland City,3641.0,4541.0,5193,100,900.0,652.0,0.2472,0.1436
4702320,Athens,13220.0,13458.0,14084,41,238.0,626.0,0.018,0.0465
4702340,Atoka,3235.0,8387.0,10008,62,5152.0,1621.0,1.5926,0.1933
4702380,Atwood,1000.0,938.0,940,237,-62.0,2.0,-0.062,0.0021
4702400,Auburntown,252.0,269.0,272,324,17.0,3.0,0.0675,0.0112
4702780,Baileyton,504.0,431.0,436,296,-73.0,5.0,-0.1448,0.0116
4703078,Baneberry,366.0,482.0,523,283,116.0,41.0,0.3169,0.0851
4703440,Bartlett,40543.0,54613.0,57786,11,14070.0,3173.0,0.347,0.0581
4703680,Baxter,1279.0,1365.0,1578,195,86.0,213.0,0.0672,0.156
4703760,Bean Station,,2826.0,2967,136,,141.0,,0.0499
4704240,Beersheba Springs,553.0,477.0,434,297,-76.0,-43.0,-0.1374,-0.0901
4704460,Bell Buckle,391.0,500.0,410,302,109.0,-90.0,0.2788,-0.18
4704620,Belle Meade,2943.0,2912.0,2901,137,-31.0,-11.0,-0.0105,-0.0038
4704720,Bells,2171.0,2437.0,2463,148,266.0,26.0,0.1225,0.0107
4705040,Benton,1138.0,1385.0,1523,201,247.0,138.0,0.217,0.0996
4705140,Berry Hill,674.0,537.0,2112,165,-137.0,1575.0,-0.2033,2.933
4705380,Bethel Springs,763.0,718.0,742,258,-45.0,24.0,-0.059,0.0334
4705860,Big Sandy,518.0,557.0,486,288,39.0,-71.0,0.0753,-0.1275
4706340,Blaine,1585.0,1856.0,2084,168,271.0,228.0,0.171,0.1228
4706960,Bluff City,1559.0,1733.0,1822,181,174.0,89.0,0.1116,0.0514
4707180,Bolivar,5802.0,5417.0,5205,99,-385.0,-212.0,-0.0664,-0.0391
4707840,Braden,271.0,282.0,255,328,11.0,-27.0,0.0406,-0.0957
4707860,Bradford,1113.0,1048.0,1001,230,-65.0,-47.0,-0.0584,-0.0448
4708280,Brentwood,23445.0,37060.0,45373,17,13615.0,8313.0,0.5807,0.2243
4708500,Brighton,1719.0,2735.0,2888,138,1016.0,153.0,0.591,0.0559
4708540,Bristol,24821.0,26702.0,27147,28,1881.0,445.0,0.0758,0.0167
4708920,Brownsville,10748.0,10292.0,9788,63,-456.0,-504.0,-0.0424,-0.049
4708960,Bruceton,1554.0,1478.0,1507,202,-76.0,29.0,-0.0489,0.0196
4709560,Bulls Gap,714.0,738.0,756,257,24.0,18.0,0.0336,0.0244
4709860,Burlison,453.0,425.0,367,305,-28.0,-58.0,-0.0618,-0.1365
4709880,Burns,1366.0,1468.0,1573,197,102.0,105.0,0.0747,0.0715
4710180,Byrdstown,903.0,803.0,798,251,-100.0,-5.0,-0.1107,-0.0062
4710440,Calhoun,496.0,490.0,536,280,-6.0,46.0,-0.0121,0.0939
4710560,Camden,3828.0,3582.0,3674,123,-246.0,92.0,-0.0643,0.0257
4711280,Carthage,2251.0,2306.0,2291,157,55.0,-15.0,0.0244,-0.0065
4711360,Caryville,2243.0,2297.0,2212,162,54.0,-85.0,0.0241,-0.037
4711980,Cedar Hill,298.0,314.0,301,317,16.0,-13.0,0.0537,-0.0414
4712100,Celina,1379.0,1495.0,1422,208,116.0,-73.0,0.0841,-0.0488
4712380,Centertown,257.0,243.0,297,318,-14.0,54.0,-0.0545,0.2222
4712420,Centerville,3793.0,3644.0,3532,128,-149.0,-112.0,-0.0393,-0.0307
4712880,Chapel Hill,943.0,1445.0,1717,187,502.0,272.0,0.5323,0.1882
4713020,Charleston,630.0,651.0,664,264,21.0,13.0,0.0333,0.02
4713080,Charlotte,1153.0,1235.0,1656,189,82.0,421.0,0.0711,0.3409
4714000,Chattanooga,155554.0,167674.0,181099,4,12120.0,13425.0,0.0779,0.0801
4714980,Church Hill,5916.0,6737.0,6998,80,821.0,261.0,0.1388,0.0387
4715140,Clarksburg,285.0,393.0,379,303,108.0,-14.0,0.3789,-0.0356
4715160,Clarksville,103455.0,132929.0,166722,5,29474.0,33793.0,0.2849,0.2542
4715400,Cleveland,37192.0,41285.0,47356,16,4093.0,6071.0,0.1101,0.1471
4715480,Clifton,2699.0,2694.0,2651,144,-5.0,-43.0,-0.0019,-0.016
4715580,Clinton,9409.0,9841.0,10056,61,432.0,215.0,0.0459,0.0218
4715920,Coalmont,948.0,841.0,784,253,-107.0,-57.0,-0.1129,-0.0678
4716300,Collegedale,6514.0,8282.0,11109,55,1768.0,2827.0,0.2714,0.3413
4716420,Collierville,31872.0,43965.0,51324,14,12093.0,7359.0,0.3794,0.1674
4716480,Collinwood,1024.0,982.0,898,241,-42.0,-84.0,-0.041,-0.0855
4716540,Columbia,33055.0,34681.0,41690,19,1626.0,7009.0,0.0492,0.2021
4716920,Cookeville,23923.0,30435.0,34842,24,6512.0,4407.0,0.2722,0.1448
4716980,Coopertown,3027.0,4278.0,4480,110,1251.0,202.0,0.4133,0.0472
4717000,Copperhill,511.0,354.0,443,295,-157.0,89.0,-0.3072,0.2514
4717180,Cornersville,962.0,1194.0,1228,220,232.0,34.0,0.2412,0.0285
4717340,Cottage Grove,97.0,88.0,66,345,-9.0,-22.0,-0.0928,-0.25
4717680,Covington,8463.0,9038.0,8663,68,575.0,-375.0,0.0679,-0.0415
4717700,Cowan,1770.0,1737.0,1759,184,-33.0,22.0,-0.0186,0.0127
4717840,Crab Orchard,838.0,752.0,720,260,-86.0,-32.0,-0.1026,-0.0426
4718420,Cross Plains,1381.0,1714.0,1789,183,333.0,75.0,0.2411,0.0438
4718540,Crossville,8981.0,10795.0,12071,50,1814.0,1276.0,0.202,0.1182
4718620,Crump,1521.0,1428.0,1594,194,-93.0,166.0,-0.0611,0.1162
4718820,Cumberland City,316.0,311.0,305,316,-5.0,-6.0,-0.0158,-0.0193
4718880,Cumberland Gap,204.0,494.0,313,315,290.0,-181.0,1.4216,-0.3664
4719380,Dandridge,2078.0,2812.0,3344,131,734.0,532.0,0.3532,0.1892
4719700,Dayton,6180.0,7191.0,7065,79,1011.0,-126.0,0.1636,-0.0175
4719880,Decatur,1395.0,1598.0,1563,198,203.0,-35.0,0.1455,-0.0219
4719900,Decaturville,859.0,867.0,807,249,8.0,-60.0,0.0093,-0.0692
4719920,Decherd,2246.0,2361.0,2379,151,115.0,18.0,0.0512,0.0076
4720620,Dickson,12244.0,14538.0,16058,37,2294.0,1520.0,0.1874,0.1046
4721400,Dover,1442.0,1417.0,1826,179,-25.0,409.0,-0.0173,0.2886
4721420,Dowelltown,302.0,355.0,342,310,53.0,-13.0,0.1755,-0.0366
4721500,Doyle,525.0,537.0,493,287,12.0,-44.0,0.0229,-0.0819
4721540,Dresden,2855.0,3005.0,3019,135,150.0,14.0,0.0525,0.0047
4721740,Ducktown,427.0,475.0,461,291,48.0,-14.0,0.1124,-0.0295
4722000,Dunlap,4173.0,4815.0,5357,98,642.0,542.0,0.1538,0.1126
4722180,Dyer,2406.0,2341.0,2308,155,-65.0,-33.0,-0.027,-0.0141
4722200,Dyersburg,17452.0,17145.0,16164,36,-307.0,-981.0,-0.0176,-0.0572
4722360,Eagleville,464.0,604.0,813,248,140.0,209.0,0.3017,0.346
4722720,East Ridge,20640.0,20979.0,22167,31,339.0,1188.0,0.0164,0.0566
4722920,Eastview,618.0,705.0,763,255,87.0,58.0,0.1408,0.0823
4723500,Elizabethton,13372.0,14176.0,14546,40,804.0,370.0,0.0601,0.0261
4723660,Elkton,510.0,578.0,545,277,68.0,-33.0,0.1333,-0.0571
4724040,Englewood,1590.0,1532.0,1483,204,-58.0,-49.0,-0.0365,-0.032
4724240,Enville,230.0,189.0,188,335,-41.0,-1.0,-0.1783,-0.0053
4724320,Erin,1490.0,1324.0,1224,221,-166.0,-100.0,-0.1114,-0.0755
4724360,Erwin,5610.0,6097.0,6083,89,487.0,-14.0,0.0868,-0.0023
4724440,Estill Springs,2152.0,2055.0,2267,158,-97.0,212.0,-0.0451,0.1032
4724460,Ethridge,536.0,465.0,537,279,-71.0,72.0,-0.1325,0.1548
4724480,Etowah,3663.0,3490.0,3603,126,-173.0,113.0,-0.0472,0.0324
4725440,Fairview,5800.0,7720.0,9357,65,1920.0,1637.0,0.331,0.212
4725760,Farragut,17720.0,20676.0,23506,30,2956.0,2830.0,0.1668,0.1369
4725920,Fayetteville,6994.0,6827.0,7068,78,-167.0,241.0,-0.0239,0.0353
4726160,Finger,350.0,298.0,276,323,-52.0,-22.0,-0.1486,-0.0738
4727020,Forest Hills,4710.0,4812.0,5038,103,102.0,226.0,0.0217,0.047
4727740,Franklin,41842.0,62487.0,83454,7,20645.0,20967.0,0.4934,0.3355
4727960,Friendship,608.0,668.0,613,269,60.0,-55.0,0.0987,-0.0823
4728060,Friendsville,890.0,913.0,896,242,23.0,-17.0,0.0258,-0.0186
4728380,Gadsden,553.0,470.0,469,290,-83.0,-1.0,-0.1501,-0.0021
4728420,Gainesboro,879.0,962.0,920,239,83.0,-42.0,0.0944,-0.0437
4728540,Gallatin,23230.0,30278.0,44431,18,7048.0,14153.0,0.3034,0.4674
4728560,Gallaway,666.0,680.0,528,281,14.0,-152.0,0.021,-0.2235
4728680,Garland,309.0,310.0,289,320,1.0,-21.0,0.0032,-0.0677
4728740,Gates,901.0,647.0,664,264,-254.0,17.0,-0.2819,0.0263
4728800,Gatlinburg,3382.0,3944.0,3577,127,562.0,-367.0,0.1662,-0.0931
4728960,Germantown,37348.0,38844.0,41333,20,1496.0,2489.0,0.0401,0.0641
4729020,Gibson,305.0,396.0,366,306,91.0,-30.0,0.2984,-0.0758
4729160,Gilt Edge,489.0,477.0,476,289,-12.0,-1.0,-0.0245,-0.0021
4729300,Gleason,1463.0,1445.0,1369,211,-18.0,-76.0,-0.0123,-0.0526
4729920,Goodlettsville,13780.0,15921.0,17789,35,2141.0,1868.0,0.1554,0.1173
4730120,Gordonsville,1066.0,1213.0,1363,212,147.0,150.0,0.1379,0.1237
4730280,Grand Junction,301.0,325.0,338,311,24.0,13.0,0.0797,0.04
4730760,Graysville,1411.0,1502.0,1471,205,91.0,-31.0,0.0645,-0.0206
4730880,Greenback,954.0,1064.0,1102,227,110.0,38.0,0.1153,0.0357
4730960,Greenbrier,4940.0,6433.0,6898,81,1493.0,465.0,0.3022,0.0723
4730980,Greeneville,15198.0,15062.0,15479,38,-136.0,417.0,-0.0089,0.0277
4731000,Greenfield,2208.0,2182.0,2031,172,-26.0,-151.0,-0.0118,-0.0692
4731490,Gruetli-Laager,1867.0,1813.0,1742,185,-54.0,-71.0,-0.0289,-0.0392
4731680,Guys,483.0,466.0,414,300,-17.0,-52.0,-0.0352,-0.1116
4731820,Halls,2311.0,2255.0,2091,167,-56.0,-164.0,-0.0242,-0.0727
4732520,Harriman,6744.0,6350.0,5892,92,-394.0,-458.0,-0.0584,-0.0721
4732640,Harrogate,,4389.0,4400,113,,11.0,,0.0025
4732742,Hartsville/Trousdale County,,7870.0,11615,53,,3745.0,,0.4759
4733260,Henderson,5670.0,6309.0,6308,86,639.0,-1.0,0.1127,-0.0002
4733280,Hendersonville,40620.0,51372.0,61753,10,10752.0,10381.0,0.2647,0.2021
4733360,Henning,970.0,945.0,871,245,-25.0,-74.0,-0.0258,-0.0783
4733400,Henry,520.0,464.0,446,293,-56.0,-18.0,-0.1077,-0.0388
4733920,Hickory Valley,136.0,99.0,78,344,-37.0,-21.0,-0.2721,-0.2121
4735160,Hohenwald,3754.0,3757.0,3668,124,3.0,-89.0,0.0008,-0.0237
4735280,Hollow Rock,963.0,718.0,683,262,-245.0,-35.0,-0.2544,-0.0487
4736000,Hornbeak,435.0,424.0,511,285,-11.0,87.0,-0.0253,0.2052
4736080,Hornsby,306.0,303.0,264,327,-3.0,-39.0,-0.0098,-0.1287
4736460,Humboldt,9467.0,8452.0,7874,73,-1015.0,-578.0,-0.1072,-0.0684
4736580,Huntingdon,4349.0,3985.0,4439,112,-364.0,454.0,-0.0837,0.1139
4736600,Huntland,916.0,872.0,886,243,-44.0,14.0,-0.048,0.0161
4736640,Huntsville,981.0,1248.0,1270,219,267.0,22.0,0.2722,0.0176
4737600,Jacksboro,1887.0,2020.0,2306,156,133.0,286.0,0.0705,0.1416
4737640,Jackson,59643.0,65211.0,68205,9,5568.0,2994.0,0.0934,0.0459
4737780,Jamestown,1839.0,1959.0,1935,175,120.0,-24.0,0.0653,-0.0123
4737820,Jasper,3214.0,3279.0,3612,125,65.0,333.0,0.0202,0.1016
4737960,Jefferson City,7760.0,8047.0,8419,69,287.0,372.0,0.037,0.0462
4738020,Jellico,2448.0,2355.0,2154,164,-93.0,-201.0,-0.038,-0.0854
4738320,Johnson City,55469.0,63152.0,71046,8,7683.0,7894.0,0.1385,0.125
4738540,Jonesborough,4168.0,5051.0,5860,93,883.0,809.0,0.2119,0.1602
4739140,Kenton,1306.0,1281.0,1205,223,-25.0,-76.0,-0.0191,-0.0593
4739400,Kimball,1312.0,1395.0,1545,200,83.0,150.0,0.0633,0.1075
4739560,Kingsport,44905.0,48205.0,55442,12,3300.0,7237.0,0.0735,0.1501
4739620,Kingston,5264.0,5934.0,5953,91,670.0,19.0,0.1273,0.0032
4739660,Kingston Springs,2773.0,2756.0,2824,139,-17.0,68.0,-0.0061,0.0247
4740000,Knoxville,173890.0,178874.0,190740,3,4984.0,11866.0,0.0287,0.0663
4740160,Lafayette,3885.0,4474.0,5584,94,589.0,1110.0,0.1516,0.2481
4740180,La Follette,7926.0,7456.0,7430,76,-470.0,-26.0,-0.0593,-0.0035
4740200,La Grange,136.0,133.0,123,338,-3.0,-10.0,-0.0221,-0.0752
4740350,Lakeland,6862.0,12430.0,13904,42,5568.0,1474.0,0.8114,0.1186
4740540,Lakesite,1845.0,1826.0,1856,178,-19.0,30.0,-0.0103,0.0164
4741200,La Vergne,18687.0,32588.0,38719,22,13901.0,6131.0,0.7439,0.1881
4741340,Lawrenceburg,10796.0,10428.0,11633,52,-368.0,1205.0,-0.0341,0.1156
4741520,Lebanon,20235.0,26190.0,38431,23,5955.0,12241.0,0.2943,0.4674
4741760,Lenoir City,6819.0,8642.0,10117,60,1823.0,1475.0,0.2673,0.1707
4741860,Lewisburg,10413.0,11100.0,12288,48,687.0,1188.0,0.066,0.107
4741980,Lexington,7393.0,7652.0,7956,72,259.0,304.0,0.035,0.0397
4742040,Liberty,367.0,310.0,334,313,-57.0,24.0,-0.1553,0.0774
4742720,Linden,1015.0,908.0,997,231,-107.0,89.0,-0.1054,0.098
4743140,Livingston,3498.0,4058.0,3905,119,560.0,-153.0,0.1601,-0.0377
4743160,Lobelville,915.0,897.0,919,240,-18.0,22.0,-0.0197,0.0245
4743640,Lookout Mountain,2000.0,1832.0,2058,171,-168.0,226.0,-0.084,0.1234
4743700,Loretto,1665.0,1714.0,1739,186,49.0,25.0,0.0294,0.0146
4743780,Loudon,4476.0,5381.0,5991,90,905.0,610.0,0.2022,0.1134
4743820,Louisville,2001.0,2439.0,4384,114,438.0,1945.0,0.2189,0.7975
4744300,Luttrell,915.0,1074.0,1017,229,159.0,-57.0,0.1738,-0.0531
4744382,"Lynchburg, Moore County",5740.0,6362.0,6461,83,622.0,99.0,0.1084,0.0156
4744420,Lynnville,345.0,287.0,292,319,-58.0,5.0,-0.1681,0.0174
4744840,McEwen,1702.0,1750.0,1643,190,48.0,-107.0,0.0282,-0.0611
4744940,McKenzie,5295.0,5310.0,5529,95,15.0,219.0,0.0028,0.0412
4745000,McLemoresville,259.0,352.0,288,321,93.0,-64.0,0.3591,-0.1818
4745100,McMinnville,12749.0,13605.0,13788,44,856.0,183.0,0.0671,0.0135
4745320,Madisonville,3939.0,4577.0,5132,101,638.0,555.0,0.162,0.1213
4745500,Manchester,8294.0,10102.0,12212,49,1808.0,2110.0,0.218,0.2089
4746240,Martin,10515.0,11473.0,10825,57,958.0,-648.0,0.0911,-0.0565
4746380,Maryville,23120.0,27465.0,31907,25,4345.0,4442.0,0.1879,0.1617
4746420,Mason,1089.0,1609.0,1337,214,520.0,-272.0,0.4775,-0.169
4746540,Maury City,704.0,674.0,583,271,-30.0,-91.0,-0.0426,-0.135
4746700,Maynardville,1782.0,2413.0,2456,149,631.0,43.0,0.3541,0.0178
4747000,Medina,969.0,3479.0,5126,102,2510.0,1647.0,2.5903,0.4734
4747020,Medon,191.0,178.0,189,334,-13.0,11.0,-0.0681,0.0618
4748000,Memphis,650100.0,646889.0,633104,2,-3211.0,-13785.0,-0.0049,-0.0213
4748180,Michie,647.0,591.0,679,263,-56.0,88.0,-0.0866,0.1489
4748340,Middleton,602.0,706.0,658,266,104.0,-48.0,0.1728,-0.068
4748660,Milan,7664.0,7851.0,8171,71,187.0,320.0,0.0244,0.0408
4748920,Milledgeville,287.0,265.0,271,325,-22.0,6.0,-0.0767,0.0226
4748980,Millersville,5308.0,6440.0,6299,88,1132.0,-141.0,0.2133,-0.0219
4749060,Millington,10433.0,10176.0,10582,58,-257.0,406.0,-0.0246,0.0399
4749360,Minor Hill,437.0,537.0,504,286,100.0,-33.0,0.2288,-0.0615
4749460,Mitchellville,207.0,189.0,163,337,-18.0,-26.0,-0.087,-0.1376
4749740,Monteagle,1238.0,1192.0,1393,210,-46.0,201.0,-0.0372,0.1686
4749760,Monterey,2717.0,2850.0,2746,141,133.0,-104.0,0.049,-0.0365
4750220,Morrison,684.0,694.0,733,259,10.0,39.0,0.0146,0.0562
4750280,Morristown,24965.0,29137.0,30431,27,4172.0,1294.0,0.1671,0.0444
4750300,Moscow,422.0,556.0,572,272,134.0,16.0,0.3175,0.0288
4750320,Mosheim,1749.0,2362.0,2479,146,613.0,117.0,0.3505,0.0495
4750400,Mountain City,2383.0,2531.0,2415,150,148.0,-116.0,0.0621,-0.0458
4750580,Mount Carmel,4795.0,5429.0,5473,96,634.0,44.0,0.1322,0.0081
4750780,Mount Juliet,12366.0,23671.0,39289,21,11305.0,15618.0,0.9142,0.6598
4751080,Mount Pleasant,4491.0,4561.0,4784,108,70.0,223.0,0.0156,0.0489
4751540,Munford,4708.0,5927.0,6302,87,1219.0,375.0,0.2589,0.0633
4751560,Murfreesboro,68816.0,108755.0,152769,6,39939.0,44014.0,0.5804,0.4047
4752006,Nashville-Davidson metropolitan government (balance),545524.0,601222.0,689447,1,55698.0,88225.0,0.1021,0.1467
4752400,Newbern,2988.0,3313.0,3349,130,325.0,36.0,0.1088,0.0109
4752780,New Hope,1043.0,1082.0,987,233,39.0,-95.0,0.0374,-0.0878
4752820,New Johnsonville,1905.0,1951.0,1804,182,46.0,-147.0,0.0241,-0.0753
4752940,New Market,1234.0,1334.0,1349,213,100.0,15.0,0.081,0.0112
4753000,Newport,7242.0,6945.0,6868,82,-297.0,-77.0,-0.041,-0.0111
4753140,New Tazewell,2871.0,3037.0,2769,140,166.0,-268.0,0.0578,-0.0882
4753380,Niota,781.0,719.0,772,254,-62.0,53.0,-0.0794,0.0737
4753460,Nolensville,3099.0,5861.0,13829,43,2762.0,7968.0,0.8913,1.3595
4753580,Normandy,141.0,141.0,108,340,0.0,-33.0,0.0,-0.234
4753600,Norris,1446.0,1491.0,1599,193,45.0,108.0,0.0311,0.0724
4754280,Oakdale,244.0,212.0,191,333,-32.0,-21.0,-0.1311,-0.0991
4754780,Oak Hill,4493.0,4529.0,4891,106,36.0,362.0,0.008,0.0799
4754920,Oakland,1279.0,6623.0,8936,66,5344.0,2313.0,4.1783,0.3492
4755120,Oak Ridge,27387.0,29330.0,31402,26,1943.0,2072.0,0.0709,0.0706
4755240,Obion,1134.0,1119.0,991,232,-15.0,-128.0,-0.0132,-0.1144
4755800,Oliver Springs,3303.0,3231.0,3297,133,-72.0,66.0,-0.0218,0.0204
4755860,Oneida,3615.0,3752.0,3787,122,137.0,35.0,0.0379,0.0093
4756020,Orlinda,594.0,859.0,947,235,265.0,88.0,0.4461,0.1024
4756040,Orme,124.0,126.0,87,343,2.0,-39.0,0.0161,-0.3095
4756560,Palmer,726.0,672.0,551,274,-54.0,-121.0,-0.0744,-0.1801
4756720,Paris,9763.0,10156.0,10316,59,393.0,160.0,0.0403,0.0158
4756870,Parker's Crossroads,241.0,330.0,284,322,89.0,-46.0,0.3693,-0.1394
4757040,Parrottsville,207.0,263.0,217,331,56.0,-46.0,0.2705,-0.1749
4757080,Parsons,2452.0,2373.0,2100,166,-79.0,-273.0,-0.0322,-0.115
4757480,Pegram,2146.0,2093.0,2072,169,-53.0,-21.0,-0.0247,-0.01
4757740,Petersburg,580.0,544.0,528,281,-36.0,-16.0,-0.0621,-0.0294
4757900,Philadelphia,533.0,656.0,607,270,123.0,-49.0,0.2308,-0.0747
4758080,Pigeon Forge,5083.0,5875.0,6343,84,792.0,468.0,0.1558,0.0797
4758120,Pikeville,1781.0,1608.0,1824,180,-173.0,216.0,-0.0971,0.1343
4758840,Piperton,589.0,1445.0,2263,160,856.0,818.0,1.4533,0.5661
4758940,Pittman Center,477.0,502.0,454,292,25.0,-48.0,0.0524,-0.0956
4759020,Plainview,1866.0,2125.0,2060,170,259.0,-65.0,0.1388,-0.0306
4759240,Pleasant Hill,544.0,563.0,540,278,19.0,-23.0,0.0349,-0.0409
4759560,Pleasant View,2934.0,4149.0,4807,107,1215.0,658.0,0.4141,0.1586
4760280,Portland,8458.0,11480.0,13156,45,3022.0,1676.0,0.3573,0.146
4760500,Powells Crossroads,1286.0,1322.0,1296,217,36.0,-26.0,0.028,-0.0197
4761040,Pulaski,7871.0,7870.0,8397,70,-1.0,527.0,-0.0001,0.067
4761160,Puryear,667.0,671.0,706,261,4.0,35.0,0.006,0.0522
4761520,Ramer,354.0,319.0,325,314,-35.0,6.0,-0.0989,0.0188
4761960,Red Bank,12418.0,11651.0,11899,51,-767.0,248.0,-0.0618,0.0213
4762000,Red Boiling Springs,1023.0,1112.0,1205,223,89.0,93.0,0.087,0.0836
4763060,Ridgely,1667.0,1795.0,1690,188,128.0,-105.0,0.0768,-0.0585
4763080,Ridgeside,389.0,390.0,446,293,1.0,56.0,0.0026,0.1436
4763140,Ridgetop,1083.0,1874.0,2155,163,791.0,281.0,0.7304,0.1499
4763340,Ripley,7844.0,8445.0,7800,74,601.0,-645.0,0.0766,-0.0764
4763800,Rives,331.0,326.0,246,329,-5.0,-80.0,-0.0151,-0.2454
4764160,Rockford,798.0,856.0,822,247,58.0,-34.0,0.0727,-0.0397
4764440,Rockwood,5774.0,5562.0,5444,97,-212.0,-118.0,-0.0367,-0.0212
4764668,Rocky Top,,,1628,192,,,,
4764820,Rogersville,4240.0,4420.0,4671,109,180.0,251.0,0.0425,0.0568
4765240,Rossville,380.0,664.0,1041,228,284.0,377.0,0.7474,0.5678
4765760,Rutherford,1272.0,1151.0,1163,225,-121.0,12.0,-0.0951,0.0104
4765820,Rutledge,1187.0,1122.0,1321,216,-65.0,199.0,-0.0548,0.1774
4766160,St. Joseph,829.0,782.0,790,252,-47.0,8.0,-0.0567,0.0102
4766340,Saltillo,342.0,303.0,420,298,-39.0,117.0,-0.114,0.3861
4766360,Samburg,260.0,217.0,210,332,-43.0,-7.0,-0.1654,-0.0323
4766660,Sardis,445.0,381.0,414,300,-64.0,33.0,-0.1438,0.0866
4766680,Saulsbury,99.0,81.0,112,339,-18.0,31.0,-0.1818,0.3827
4766720,Savannah,6917.0,6982.0,7213,77,65.0,231.0,0.0094,0.0331
4766880,Scotts Hill,894.0,984.0,877,244,90.0,-107.0,0.1007,-0.1087
4766940,Selmer,4541.0,4396.0,4446,111,-145.0,50.0,-0.0319,0.0114
4767120,Sevierville,11757.0,14807.0,17889,34,3050.0,3082.0,0.2594,0.2081
4767540,Sharon,988.0,944.0,935,238,-44.0,-9.0,-0.0445,-0.0095
4767760,Shelbyville,16105.0,20335.0,23557,29,4230.0,3222.0,0.2627,0.1584
4768540,Signal Mountain,7429.0,7554.0,8852,67,125.0,1298.0,0.0168,0.1718
4768560,Silerton,60.0,111.0,97,341,51.0,-14.0,0.85,-0.1261
4769080,Slayden,185.0,178.0,170,336,-7.0,-8.0,-0.0378,-0.0449
4769320,Smithville,3994.0,4530.0,5004,104,536.0,474.0,0.1342,0.1046
4769420,Smyrna,25569.0,39974.0,53070,13,14405.0,13096.0,0.5634,0.3276
4769460,Sneedville,1257.0,1387.0,1282,218,130.0,-105.0,0.1034,-0.0757
4769560,Soddy-Daisy,11530.0,12714.0,13070,46,1184.0,356.0,0.1027,0.028
4769620,Somerville,2519.0,3094.0,3415,129,575.0,321.0,0.2283,0.1037
4769680,South Carthage,1302.0,1322.0,1490,203,20.0,168.0,0.0154,0.1271
4769900,South Fulton,2517.0,2354.0,2245,161,-163.0,-109.0,-0.0648,-0.0463
4770060,South Pittsburg,3295.0,2992.0,3106,134,-303.0,114.0,-0.092,0.0381
4770180,Sparta,4599.0,4925.0,4998,105,326.0,73.0,0.0709,0.0148
4770240,Spencer,1713.0,1601.0,1462,206,-112.0,-139.0,-0.0654,-0.0868
4770400,Spring City,2025.0,1981.0,1949,174,-44.0,-32.0,-0.0217,-0.0162
4770500,Springfield,14329.0,16440.0,18782,33,2111.0,2342.0,0.1473,0.1425
4770580,Spring Hill,7715.0,29036.0,50005,15,21321.0,20969.0,2.7636,0.7222
4770820,Stanton,615.0,452.0,417,299,-163.0,-35.0,-0.265,-0.0774
4770840,Stantonville,312.0,283.0,335,312,-29.0,52.0,-0.0929,0.1837
4772140,Sunbright,577.0,552.0,519,284,-25.0,-33.0,-0.0433,-0.0598
4772380,Surgoinsville,1484.0,1801.0,1882,176,317.0,81.0,0.2136,0.045
4772540,Sweetwater,5586.0,5764.0,6312,85,178.0,548.0,0.0319,0.0951
4773120,Tazewell,2165.0,2218.0,2348,152,53.0,130.0,0.0245,0.0586
4773260,Tellico Plains,859.0,880.0,762,256,21.0,-118.0,0.0244,-0.1341
4773460,Tennessee Ridge,1334.0,1368.0,1332,215,34.0,-36.0,0.0255,-0.0263
4773900,Thompson's Station,1283.0,2194.0,7485,75,911.0,5291.0,0.7101,2.4116
4774100,Three Way,1375.0,1709.0,1877,177,334.0,168.0,0.2429,0.0983
4774540,Tiptonville,2439.0,4464.0,3976,117,2025.0,-488.0,0.8303,-0.1093
4774640,Toone,330.0,364.0,270,326,34.0,-94.0,0.103,-0.2582
4774860,Townsend,244.0,448.0,550,275,204.0,102.0,0.8361,0.2277
4774880,Tracy City,1679.0,1481.0,1406,209,-198.0,-75.0,-0.1179,-0.0506
4775000,Trenton,4683.0,4264.0,4240,116,-419.0,-24.0,-0.0895,-0.0056
4775100,Trezevant,901.0,859.0,799,250,-42.0,-60.0,-0.0466,-0.0698
4775160,Trimble,728.0,637.0,547,276,-91.0,-90.0,-0.125,-0.1413
4775240,Troy,1273.0,1371.0,1423,207,98.0,52.0,0.077,0.0379
4775320,Tullahoma,17994.0,18655.0,20339,32,661.0,1684.0,0.0367,0.0903
4775560,Tusculum,2004.0,2663.0,3298,132,659.0,635.0,0.3288,0.2385
4775820,Unicoi,3519.0,3632.0,3833,121,113.0,201.0,0.0321,0.0553
4775940,Union City,10876.0,10895.0,11170,54,19.0,275.0,0.0017,0.0252
4776860,Vanleer,310.0,395.0,374,304,85.0,-21.0,0.2742,-0.0532
4777400,Viola,129.0,131.0,93,342,2.0,-38.0,0.0155,-0.2901
4777480,Vonore,1162.0,1474.0,1574,196,312.0,100.0,0.2685,0.0678
4777540,Walden,1960.0,1898.0,1981,173,-62.0,83.0,-0.0316,0.0437
4778100,Wartburg,890.0,918.0,848,246,28.0,-70.0,0.0315,-0.0763
4778120,Wartrace,548.0,651.0,653,267,103.0,2.0,0.188,0.0031
4778240,Watauga,403.0,458.0,353,307,55.0,-105.0,0.1365,-0.2293
4778320,Watertown,1358.0,1477.0,1553,199,119.0,76.0,0.0876,0.0515
4778560,Waverly,4028.0,4105.0,4297,115,77.0,192.0,0.0191,0.0468
4778600,Waynesboro,2228.0,2449.0,2317,154,221.0,-132.0,0.0992,-0.0539
4779420,Westmoreland,2093.0,2206.0,2718,142,113.0,512.0,0.054,0.2321
4779980,White Bluff,2142.0,3206.0,3862,120,1064.0,656.0,0.4967,0.2046
4780200,White House,7220.0,10255.0,12982,47,3035.0,2727.0,0.4204,0.2659
4780360,White Pine,1997.0,2196.0,2471,147,199.0,275.0,0.0996,0.1252
4780540,Whiteville,3148.0,4638.0,2606,145,1490.0,-2032.0,0.4733,-0.4381
4780620,Whitwell,1660.0,1699.0,1641,191,39.0,-58.0,0.0235,-0.0341
4781020,Williston,341.0,395.0,349,308,54.0,-46.0,0.1584,-0.1165
4781080,Winchester,7329.0,8530.0,9375,64,1201.0,845.0,0.1639,0.0991
4781280,Winfield,911.0,967.0,947,235,56.0,-20.0,0.0615,-0.0207
4781560,Woodbury,2428.0,2680.0,2703,143,252.0,23.0,0.1038,0.0086
4781700,Woodland Mills,296.0,378.0,346,309,82.0,-32.0,0.277,-0.0847
4782360,Yorkville,293.0,286.0,236,330,-7.0,-50.0,-0.0239,-0.1748
